{
  "meta": {
    "N": 128,
    "T_f": 1.3615111885278133,
    "T_f_over_Tc": 0.6,
    "n_realisations": 48,
    "sweeps": [
      0.0,
      1.0,
      2.0,
      3.0,
      4.0,
      6.0,
      7.0,
      9.0,
      12.0,
      15.0,
      19.0,
      25.0,
      32.0,
      40.0,
      52.0,
      66.0,
      85.0,
      108.0,
      139.0,
      177.0,
      227.0,
      290.0,
      371.0,
      475.0,
      608.0,
      778.0,
      996.0,
      1274.0,
      1631.0,
      2087.0,
      2670.0,
      3417.0,
      4372.0,
      5595.0,
      7159.0,
      9161.0,
      11722.0,
      15000.0
    ],
    "e_inf": -1.912030029296875,
    "e_inf_sd": 0.003865498942565151,
    "budgets": {
      "hot": 250,
      "cold": 2000
    }
  },
  "window": [
    100,
    15000.0
  ],
  "estimators": {
    "L_C": {
      "R0_hot": 0.6705324292200211,
      "R0_cold": 2.1406342832107974,
      "raw_crossing": false,
      "raw_detail": "significant difference present but no opposite-sign-with-CI crossing",
      "raw_final_sign": -1,
      "oc_any_fdr_significant": true,
      "oc_late_fdr_significant": true,
      "oc_late_sign": -1,
      "oc_final_diff": -0.7423917436644514,
      "oc_final_ci": [
        -0.8546257573734803,
        -0.6388489750649481
      ],
      "oc_times": [
        108.0,
        139.0,
        177.0,
        227.0,
        290.0,
        371.0,
        475.0,
        608.0,
        778.0,
        996.0,
        1274.0,
        1631.0,
        2087.0,
        2670.0,
        3417.0,
        4372.0,
        5595.0,
        7159.0,
        9161.0,
        11722.0,
        15000.0
      ],
      "oc_diff": [
        -0.08029182910385024,
        -0.09677060422315253,
        -0.12263540250949478,
        -0.15101756383719567,
        -0.17863902795073583,
        -0.2220234242499063,
        -0.2737217808641236,
        -0.32013157124700964,
        -0.36610939071267357,
        -0.418362033294827,
        -0.462838455348884,
        -0.5157187552792646,
        -0.5454290323831201,
        -0.5684314143105764,
        -0.5839353203271451,
        -0.6187387004795317,
        -0.6436301226174952,
        -0.6739789811374157,
        -0.6961885193300357,
        -0.7135742053612892,
        -0.7423917436644514
      ],
      "oc_ci_low": [
        -0.10920735889993802,
        -0.125908597316529,
        -0.15290201359399763,
        -0.18406780229277944,
        -0.21110470209468885,
        -0.2545114378918187,
        -0.30646184295172585,
        -0.3520382976245736,
        -0.4009836797698649,
        -0.45626923270177205,
        -0.5056417596954871,
        -0.562463392646752,
        -0.598558753837965,
        -0.6240794585811246,
        -0.6430582589490105,
        -0.6821028482716245,
        -0.7144438885346205,
        -0.7520854448528919,
        -0.7873290558300645,
        -0.8161568224699725,
        -0.8546257573734803
      ],
      "oc_ci_high": [
        -0.05100962012685422,
        -0.06777671002302404,
        -0.09355321548138043,
        -0.11951759871123498,
        -0.14797737314456097,
        -0.19071427999136348,
        -0.24226920914407835,
        -0.2900406888128771,
        -0.33357719360408894,
        -0.3829087236097299,
        -0.42403819037813767,
        -0.472669973431615,
        -0.49828774843075113,
        -0.5179320365226302,
        -0.529146518473136,
        -0.558966038640539,
        -0.5763218007639476,
        -0.5986325373799323,
        -0.6074548744754508,
        -0.6159006184125209,
        -0.6388489750649481
      ],
      "oc_pvalue": [
        0.0002,
        0.0002,
        0.0002,
        0.0002,
        0.0002,
        0.0002,
        0.0002,
        0.0002,
        0.0002,
        0.0002,
        0.0002,
        0.0002,
        0.0002,
        0.0002,
        0.0002,
        0.0002,
        0.0002,
        0.0002,
        0.0002,
        0.0002,
        0.0002
      ],
      "oc_fdr_rejected": [
        true,
        true,
        true,
        true,
        true,
        true,
        true,
        true,
        true,
        true,
        true,
        true,
        true,
        true,
        true,
        true,
        true,
        true,
        true,
        true,
        true
      ]
    },
    "L_S": {
      "R0_hot": 4.670157965901241,
      "R0_cold": 19.528939325848874,
      "raw_crossing": false,
      "raw_detail": "significant difference present but no opposite-sign-with-CI crossing",
      "raw_final_sign": -1,
      "oc_any_fdr_significant": false,
      "oc_late_fdr_significant": false,
      "oc_late_sign": 1,
      "oc_final_diff": -0.01942442946894296,
      "oc_final_ci": [
        -0.35276001394870327,
        0.3085089057656737
      ],
      "oc_times": [
        108.0,
        139.0,
        177.0,
        227.0,
        290.0,
        371.0,
        475.0,
        608.0,
        778.0,
        996.0,
        1274.0,
        1631.0,
        2087.0,
        2670.0,
        3417.0,
        4372.0,
        5595.0,
        7159.0,
        9161.0,
        11722.0,
        15000.0
      ],
      "oc_diff": [
        -0.08542272671324636,
        -0.07224334416285938,
        -0.05721198470892741,
        -0.025437220537972927,
        0.0058163750642235,
        0.0382502783712404,
        0.042042507561294684,
        0.0563870242676181,
        0.06722646625473061,
        0.07871737885376362,
        0.10970028260926945,
        0.09234913693299696,
        0.09357969852010051,
        0.10203544917431806,
        0.11118097248954584,
        0.058281254734710686,
        0.03032775648574315,
        0.03740212605678295,
        0.025825496422687166,
        0.04259162507474379,
        -0.01942442946894296
      ],
      "oc_ci_low": [
        -0.177571164845912,
        -0.16519531007292834,
        -0.15208438461984275,
        -0.12007691177857266,
        -0.0851827590177611,
        -0.062066085805880904,
        -0.05756061385608471,
        -0.04470652753022596,
        -0.04006313099970283,
        -0.03432009047281061,
        -0.020001445235218695,
        -0.04482558652949187,
        -0.06118262835432295,
        -0.06545022550776888,
        -0.07344487575656697,
        -0.14071456525337556,
        -0.18700238762750515,
        -0.2088355606344749,
        -0.25531792631753136,
        -0.27818697242070983,
        -0.35276001394870327
      ],
      "oc_ci_high": [
        0.005188896451014905,
        0.02023782023038283,
        0.035399525085424544,
        0.0682631194610247,
        0.09588035713746554,
        0.13289846571399963,
        0.13950314906186112,
        0.1535572652463907,
        0.1715844276212635,
        0.19309970976502464,
        0.24039878216625446,
        0.23169404595780263,
        0.24381133604232794,
        0.26713366970531893,
        0.29437599192129976,
        0.25117395624608074,
        0.24861167881367827,
        0.2777972987821345,
        0.3072086728600169,
        0.35875595630170487,
        0.3085089057656737
      ],
      "oc_pvalue": [
        0.0672,
        0.1352,
        0.2404,
        0.6224,
        0.8976,
        0.44,
        0.4052,
        0.2608,
        0.2148,
        0.178,
        0.1024,
        0.1996,
        0.2336,
        0.2396,
        0.2492,
        0.5644,
        0.7952,
        0.7652,
        0.866,
        0.7892,
        0.9164
      ],
      "oc_fdr_rejected": [
        false,
        false,
        false,
        false,
        false,
        false,
        false,
        false,
        false,
        false,
        false,
        false,
        false,
        false,
        false,
        false,
        false,
        false,
        false,
        false,
        false
      ]
    },
    "L_E": {
      "R0_hot": 0.7200145384633102,
      "R0_cold": 1.4204083661799871,
      "raw_crossing": false,
      "raw_detail": "significant difference present but no opposite-sign-with-CI crossing",
      "raw_final_sign": -1,