{
  "N": 64,
  "T_f": 1.3615111885278133,
  "T_f_over_Tc": 0.6,
  "n_realisations": 24,
  "sweeps": [
    0.0,
    1.0,
    2.0,
    3.0,
    4.0,
    5.0,
    6.0,
    7.0,
    9.0,
    11.0,
    14.0,
    17.0,
    22.0,
    27.0,
    33.0,
    42.0,
    52.0,
    64.0,
    80.0,
    100.0,
    124.0,
    155.0,
    193.0,
    240.0,
    299.0,
    372.0,
    463.0,
    576.0,
    718.0,
    894.0,
    1113.0,
    1385.0,
    1725.0,
    2147.0,
    2674.0,
    3329.0,
    4145.0,
    5161.0,
    6425.0,
    8000.0
  ],
  "e_inf": -1.85322265625,
  "e_inf_sd": 0.009286103636790036,
  "budgets": {
    "hot": 250,
    "cold": 4000
  }
}
