{
  "sector_size": 12870,
  "primary_pair": {
    "T_i_cold": 2.4,
    "T_i_hot": 10.0
  },
  "T_f_scan": [
    {
      "T_f": 1.134592657106511,
      "T_f_over_Tc": 0.5,
      "slow_mode_index": 8,
      "lambda_slow": 0.9999357964456768,
      "tau_exp_sweeps": 973.4351045863502,
      "a2_hot": 3.4215448037731973,
      "a2_cold": 2.826548959653801,
      "a2_grid": {
        "2.4": 2.826548959653801,
        "2.8": 3.072803264903724,
        "3.5": 3.2562288018368037,
        "5.0": 3.3683835190257487,
        "10.0": 3.4215448037731973
      },
      "strong_mpemba": false,
      "weak_mpemba_anywhere": false,
      "primary_pair_mpemba": false
    },
    {
      "T_f": 1.3615111885278133,
      "T_f_over_Tc": 0.6,
      "slow_mode_index": 8,
      "lambda_slow": 0.9998686223608414,
      "tau_exp_sweeps": 475.6965855005752,
      "a2_hot": 1.8514304324639448,
      "a2_cold": 1.4678943725162392,
      "a2_grid": {
        "2.4": 1.4678943725162392,
        "2.8": 1.6267673350980814,
        "3.5": 1.744999383706577,
        "5.0": 1.8172017099770197,
        "10.0": 1.8514304324639448
      },
      "strong_mpemba": false,
      "weak_mpemba_anywhere": false,
      "primary_pair_mpemba": false
    },
    {
      "T_f": 1.7018889856597665,
      "T_f_over_Tc": 0.75,
      "slow_mode_index": 8,
      "lambda_slow": 0.9996571404384946,
      "tau_exp_sweeps": 182.2591289330735,
      "a2_hot": 0.9813543433809516,
      "a2_cold": 0.6583160162651068,
      "a2_grid": {
        "2.4": 0.6583160162651068,
        "2.8": 0.7921710588609632,
        "3.5": 0.8917146130028353,
        "5.0": 0.9524712165736604,
        "10.0": 0.9813543433809516
      },
      "strong_mpemba": false,
      "weak_mpemba_anywhere": false,
      "primary_pair_mpemba": false
    }
  ],
  "gap_validation": {
    "tau_exp_spectral_sweeps": 475.69658552429445,
    "predicted_tau_int": 951.3931710485889,
    "simulated_tau_int_sweeps": 955.0824759351309,
    "ratio_sim_over_pred": 1.0038777920620092
  },
  "verdict": {
    "outcome": "no_spectral_mpemba",
    "consistent_with_coarsening_no_inversion": true,
    "rationale": "a_2(T_i) is monotonically increasing across the T_f scan with no zero crossing and no interval where |a_2| decreases: every hotter preparation has GREATER slow-mode overlap (relaxes slower) than every colder one. No spectral Mpemba (weak or strong); for the primary pair |a_2(hot)|>|a_2(cold)| (anti-Mpemba). This PREDICTS the larger-N no-supported-inversion verdict (m5_verdict_v1)."
  }
}
