{
  "meta": {
    "N": 128,
    "T_f": 1.3615111885278133,
    "T_f_over_Tc": 0.6,
    "n_realisations": 48,
    "sweeps": [
      0.0,
      1.0,
      2.0,
      3.0,
      4.0,
      6.0,
      7.0,
      9.0,
      12.0,
      15.0,
      19.0,
      25.0,
      32.0,
      40.0,
      52.0,
      66.0,
      85.0,
      108.0,
      139.0,
      177.0,
      227.0,
      290.0,
      371.0,
      475.0,
      608.0,
      778.0,
      996.0,
      1274.0,
      1631.0,
      2087.0,
      2670.0,
      3417.0,
      4372.0,
      5595.0,
      7159.0,
      9161.0,
      11722.0,
      15000.0
    ],
    "e_inf": -1.912030029296875,
    "e_inf_sd": 0.003865498942565151,
    "budgets": {
      "hot": 250,
      "cold": 2000
    }
  },
  "window": [
    100,
    15000.0
  ],
  "estimators": {
    "L_C": {
      "R0_hot": 0.6705324292200213,
      "R0_cold": 2.140634283210797,
      "raw_crossing": false,
      "raw_detail": "significant difference present but no opposite-sign-with-CI crossing",
      "raw_final_sign": -1,
      "oc_any_fdr_significant": true,
      "oc_late_fdr_significant": true,
      "oc_late_sign": -1,
      "oc_final_diff": -0.7423917436644523,
      "oc_final_ci": [
        -0.8546257573734781,
        -0.638848975064949
      ],
      "oc_times": [
        108.0,
        139.0,
        177.0,
        227.0,
        290.0,
        371.0,
        475.0,
        608.0,
        778.0,
        996.0,
        1274.0,
        1631.0,
        2087.0,
        2670.0,
        3417.0,
        4372.0,
        5595.0,
        7159.0,
        9161.0,
        11722.0,
        15000.0
      ],
      "oc_diff": [
        -0.08029182910385091,
        -0.0967706042231532,
        -0.12263540250949545,
        -0.15101756383719633,
        -0.1786390279507365,
        -0.22202342424990695,
        -0.27372178086412424,
        -0.3201315712470101,
        -0.366109390712674,
        -0.41836203329482746,
        -0.46283845534888446,
        -0.5157187552792655,
        -0.545429032383121,
        -0.5684314143105773,
        -0.583935320327146,
        -0.6187387004795326,
        -0.6436301226174961,
        -0.6739789811374166,
        -0.6961885193300366,
        -0.7135742053612901,
        -0.7423917436644523
      ],
      "oc_ci_low": [
        -0.1092073588999385,
        -0.12590859731652862,
        -0.15290201359399602,
        -0.18406780229278086,
        -0.2111047020946883,
        -0.25451143789181996,
        -0.30646184295172507,
        -0.3520382976245721,
        -0.400983679769864,
        -0.4562692327017724,
        -0.5056417596954875,
        -0.56246339264675,
        -0.598558753837965,
        -0.6240794585811245,
        -0.643058258949011,
        -0.6821028482716245,
        -0.71444388853462,
        -0.7520854448528923,
        -0.7873290558300627,
        -0.8161568224699708,
        -0.8546257573734781
      ],
      "oc_ci_high": [
        -0.05100962012685264,
        -0.06777671002302293,
        -0.09355321548137857,
        -0.11951759871123518,
        -0.1479773731445604,
        -0.19071427999136364,
        -0.2422692091440801,
        -0.29004068881287676,
        -0.3335771936040861,
        -0.3829087236097307,
        -0.42403819037813933,
        -0.4726699734316148,
        -0.4982877484307518,
        -0.5179320365226309,
        -0.5291465184731345,
        -0.5589660386405381,
        -0.5763218007639462,
        -0.5986325373799318,
        -0.6074548744754521,
        -0.61590061841252,
        -0.638848975064949
      ],
      "oc_pvalue": [
        0.0002,
        0.0002,
        0.0002,
        0.0002,
        0.0002,
        0.0002,
        0.0002,
        0.0002,
        0.0002,
        0.0002,
        0.0002,
        0.0002,
        0.0002,
        0.0002,
        0.0002,
        0.0002,
        0.0002,
        0.0002,
        0.0002,
        0.0002,
        0.0002
      ],
      "oc_fdr_rejected": [
        true,
        true,
        true,
        true,
        true,
        true,
        true,
        true,
        true,
        true,
        true,
        true,
        true,
        true,
        true,
        true,
        true,
        true,
        true,
        true,
        true
      ]
    },
    "L_S": {
      "R0_hot": 4.670157965901243,
      "R0_cold": 19.52893932584889,
      "raw_crossing": false,
      "raw_detail": "significant difference present but no opposite-sign-with-CI crossing",
      "raw_final_sign": -1,
      "oc_any_fdr_significant": false,
      "oc_late_fdr_significant": false,
      "oc_late_sign": 1,
      "oc_final_diff": -0.019424429468930526,
      "oc_final_ci": [
        -0.35276001394870654,
        0.30850890576567724
      ],
      "oc_times": [
        108.0,
        139.0,
        177.0,
        227.0,
        290.0,
        371.0,
        475.0,
        608.0,
        778.0,
        996.0,
        1274.0,
        1631.0,
        2087.0,
        2670.0,
        3417.0,
        4372.0,
        5595.0,
        7159.0,
        9161.0,
        11722.0,
        15000.0
      ],
      "oc_diff": [
        -0.08542272671323392,
        -0.07224334416284695,
        -0.057211984708914976,
        -0.025437220537960492,
        0.005816375064235935,
        0.03825027837125283,
        0.04204250756130712,
        0.05638702426763054,
        0.06722646625474304,
        0.07871737885377605,
        0.10970028260928189,
        0.09234913693300939,
        0.09357969852011294,
        0.1020354491743305,
        0.11118097248955827,
        0.05828125473472312,
        0.030327756485755586,
        0.03740212605679538,
        0.0258254964226996,
        0.04259162507475622,
        -0.019424429468930526
      ],
      "oc_ci_low": [
        -0.17757116484591026,
        -0.16519531007291724,
        -0.1520843846198497,
        -0.12007691177857509,
        -0.08518275901775126,
        -0.062066085805874534,
        -0.0575606138560853,
        -0.044706527530216325,
        -0.04006313099968993,
        -0.03432009047280031,
        -0.020001445235216853,
        -0.04482558652949493,
        -0.06118262835431584,
        -0.06545022550776351,
        -0.07344487575656083,
        -0.14071456525338297,
        -0.18700238762750332,
        -0.20883556063447498,
        -0.25531792631752936,
        -0.2781869724206993,
        -0.35276001394870654
      ],
      "oc_ci_high": [
        0.005188896451029671,
        0.020237820230375195,
        0.035399525085422476,
        0.06826311946102363,
        0.09588035713747187,
        0.13289846571400665,
        0.13950314906186184,
        0.1535572652464036,
        0.1715844276212636,
        0.1930997097650238,
        0.24039878216626084,
        0.23169404595780785,
        0.2438113360423168,
        0.26713366970534497,
        0.29437599192130354,
        0.25117395624609357,
        0.24861167881368068,
        0.27779729878214343,
        0.3072086728600187,
        0.3587559563017088,
        0.30850890576567724
      ],
      "oc_pvalue": [
        0.0672,
        0.1352,
        0.2404,
        0.6224,
        0.8976,
        0.44,
        0.4052,
        0.2608,
        0.2148,
        0.178,
        0.1024,
        0.1996,
        0.2336,
        0.2396,
        0.2492,
        0.5644,
        0.7952,
        0.7652,
        0.866,
        0.7892,
        0.9164
      ],
      "oc_fdr_rejected": [
        false,
        false,
        false,
        false,
        false,
        false,
        false,
        false,
        false,
        false,
        false,
        false,
        false,
        false,
        false,
        false,
        false,
        false,
        false,
        false,
        false
      ]
    },
    "L_E": {
      "R0_hot": 0.7200145384633106,
      "R0_cold": 1.4204083661799858,
      "raw_crossing": false,
      "raw_detail": "significant difference present but no opposite-sign-with-CI crossing",
      "raw_final_sign": -1,