{
  "meta": {
    "N": 128,
    "T_f": 1.3615111885278133,
    "T_f_over_Tc": 0.6,
    "n_realisations": 48,
    "sweeps": [
      0.0,
      1.0,
      2.0,
      3.0,
      4.0,
      6.0,
      7.0,
      9.0,
      12.0,
      15.0,
      19.0,
      25.0,
      32.0,
      40.0,
      52.0,
      66.0,
      85.0,
      108.0,
      139.0,
      177.0,
      227.0,
      290.0,
      371.0,
      475.0,
      608.0,
      778.0,
      996.0,
      1274.0,
      1631.0,
      2087.0,
      2670.0,
      3417.0,
      4372.0,
      5595.0,
      7159.0,
      9161.0,
      11722.0,
      15000.0
    ],
    "e_inf": -1.912030029296875,
    "e_inf_sd": 0.003865498942565151,
    "budgets": {
      "hot": 250,
      "cold": 2000
    }
  },
  "window": [
    100,
    15000.0
  ],
  "estimators": {
    "L_C": {
      "R0_hot": 0.6705324292200217,
      "R0_cold": 2.140634283210797,
      "raw_crossing": false,
      "raw_detail": "significant difference present but no opposite-sign-with-CI crossing",
      "raw_final_sign": -1,
      "oc_any_fdr_significant": true,
      "oc_late_fdr_significant": true,
      "oc_late_sign": -1,
      "oc_final_diff": -0.7423917436644527,
      "oc_final_ci": [
        -0.8546257573734778,
        -0.638848975064949
      ],
      "oc_times": [
        108.0,
        139.0,
        177.0,
        227.0,
        290.0,
        371.0,
        475.0,
        608.0,
        778.0,
        996.0,
        1274.0,
        1631.0,
        2087.0,
        2670.0,
        3417.0,
        4372.0,
        5595.0,
        7159.0,
        9161.0,
        11722.0,
        15000.0
      ],
      "oc_diff": [
        -0.08029182910385124,
        -0.09677060422315353,
        -0.12263540250949578,
        -0.15101756383719667,
        -0.17863902795073683,
        -0.2220234242499073,
        -0.2737217808641246,
        -0.3201315712470105,
        -0.36610939071267445,
        -0.4183620332948279,
        -0.4628384553488849,
        -0.5157187552792657,
        -0.5454290323831212,
        -0.5684314143105775,
        -0.5839353203271462,
        -0.6187387004795328,
        -0.6436301226174961,
        -0.673978981137417,
        -0.6961885193300366,
        -0.7135742053612906,
        -0.7423917436644527
      ],
      "oc_ci_low": [
        -0.10920735889993849,
        -0.1259085973165287,
        -0.1529020135939959,
        -0.18406780229278044,
        -0.21110470209468885,
        -0.2545114378918194,
        -0.30646184295172463,
        -0.35203829762457256,
        -0.40098367976986354,
        -0.45626923270177244,
        -0.5056417596954875,
        -0.5624633926467505,
        -0.598558753837965,
        -0.624079458581124,
        -0.6430582589490106,
        -0.6821028482716245,
        -0.7144438885346192,
        -0.7520854448528931,
        -0.7873290558300623,
        -0.8161568224699717,
        -0.8546257573734778
      ],
      "oc_ci_high": [
        -0.051009620126852326,
        -0.06777671002302281,
        -0.09355321548137857,
        -0.11951759871123539,
        -0.1479773731445606,
        -0.19071427999136334,
        -0.2422692091440805,
        -0.29004068881287653,
        -0.33357719360408594,
        -0.38290872360973033,
        -0.42403819037813933,
        -0.4726699734316146,
        -0.49828774843075196,
        -0.5179320365226311,
        -0.529146518473135,
        -0.5589660386405385,
        -0.5763218007639458,
        -0.5986325373799318,
        -0.6074548744754521,
        -0.6159006184125195,
        -0.638848975064949
      ],
      "oc_pvalue": [
        0.0002,
        0.0002,
        0.0002,
        0.0002,
        0.0002,
        0.0002,
        0.0002,
        0.0002,
        0.0002,
        0.0002,
        0.0002,
        0.0002,
        0.0002,
        0.0002,
        0.0002,
        0.0002,
        0.0002,
        0.0002,
        0.0002,
        0.0002,
        0.0002
      ],
      "oc_fdr_rejected": [
        true,
        true,
        true,
        true,
        true,
        true,
        true,
        true,
        true,
        true,
        true,
        true,
        true,
        true,
        true,
        true,
        true,
        true,
        true,
        true,
        true
      ]
    },
    "L_S": {
      "R0_hot": 4.670157965901242,
      "R0_cold": 19.52893932584889,
      "raw_crossing": false,
      "raw_detail": "significant difference present but no opposite-sign-with-CI crossing",
      "raw_final_sign": -1,
      "oc_any_fdr_significant": false,
      "oc_late_fdr_significant": false,
      "oc_late_sign": 1,
      "oc_final_diff": -0.019424429468930526,
      "oc_final_ci": [
        -0.3527600139487064,
        0.3085089057656719
      ],
      "oc_times": [
        108.0,
        139.0,
        177.0,
        227.0,
        290.0,
        371.0,
        475.0,
        608.0,
        778.0,
        996.0,
        1274.0,
        1631.0,
        2087.0,
        2670.0,
        3417.0,
        4372.0,
        5595.0,
        7159.0,
        9161.0,
        11722.0,
        15000.0
      ],
      "oc_diff": [
        -0.08542272671323303,
        -0.07224334416284606,
        -0.05721198470891409,
        -0.025437220537959604,
        0.005816375064236823,
        0.03825027837125372,
        0.04204250756130801,
        0.056387024267631425,
        0.06722646625474393,
        0.07871737885377694,
        0.10970028260928277,
        0.09234913693301028,
        0.09357969852011383,
        0.10203544917433138,
        0.11118097248955916,
        0.05828125473472401,
        0.030327756485757362,
        0.03740212605679716,
        0.025825496422701377,
        0.04259162507475622,
        -0.019424429468930526
      ],
      "oc_ci_low": [
        -0.17757116484590776,
        -0.16519531007291724,
        -0.15208438461984974,
        -0.12007691177857616,
        -0.08518275901775134,
        -0.062066085805875505,
        -0.05756061385608279,
        -0.04470652753021721,
        -0.04006313099969073,
        -0.0343200904727976,
        -0.020001445235214344,
        -0.04482558652949235,
        -0.061182628354315864,
        -0.06545022550776708,
        -0.07344487575656432,
        -0.14071456525337694,
        -0.1870023876275068,
        -0.20883556063447142,
        -0.25531792631753103,
        -0.27818697242069934,
        -0.3527600139487064
      ],
      "oc_ci_high": [
        0.005188896451021877,
        0.020237820230374393,
        0.03539952508542159,
        0.06826311946102548,
        0.09588035713747098,
        0.1328984657140058,
        0.13950314906186181,
        0.15355726524639923,
        0.17158442762126275,
        0.19309970976502103,
        0.24039878216626082,
        0.2316940459578035,
        0.24381133604231683,
        0.26713366970534924,
        0.29437599192130437,
        0.25117395624609345,
        0.24861167881367904,
        0.2777972987821399,
        0.3072086728600118,
        0.35875595630170876,
        0.3085089057656719
      ],
      "oc_pvalue": [
        0.0672,
        0.1352,
        0.2404,
        0.6224,
        0.8976,
        0.44,
        0.4052,
        0.2608,
        0.2148,
        0.178,
        0.1024,
        0.1996,
        0.2336,
        0.2396,
        0.2492,
        0.5644,
        0.7952,
        0.7652,
        0.866,
        0.7892,
        0.9164
      ],
      "oc_fdr_rejected": [
        false,
        false,
        false,
        false,
        false,
        false,
        false,
        false,
        false,
        false,
        false,
        false,
        false,
        false,
        false,
        false,
        false,
        false,
        false,
        false,
        false
      ]
    },
    "L_E": {
      "R0_hot": 0.7200145384633108,
      "R0_cold": 1.4204083661799862,
      "raw_crossing": false,
      "raw_detail": "significant difference present but no opposite-sign-with-CI crossing",
      "raw_final_sign": -1,