{
  "T_f": 1.36,
  "T_f_over_Tc": 0.5993340391732893,
  "N": 64,
  "n_realisations": 12,
  "e_inf": -1.88193359375,
  "e_inf_sd": 0.009248106235890704,
  "prep_budgets": {
    "2.4": 2000,
    "2.8": 1000,
    "3.5": 500,
    "5.0": 250,
    "10.0": 250
  },
  "initial_L_C": {
    "2.4": 2.43055632584592,
    "2.8": 1.102975895894251,
    "3.5": 0.8494982768882283,
    "5.0": 0.7427236214055085,
    "10.0": 0.6749019278266161
  },
  "final_L_S": {
    "2.4": 27.192334317550262,
    "2.8": 18.530022586051025,
    "3.5": 16.279893885278558,
    "5.0": 15.184556552929322,
    "10.0": 14.767155806972882
  }
}
