{
  "sector_size": 12870,
  "primary_pair": {
    "T_i_hot": 10.0,
    "T_i_cold": 2.4
  },
  "T_f_scan": [
    {
      "T_f": 1.134592657106511,
      "T_f_over_Tc": 0.5,
      "slow_mode_index": 8,
      "lambda_slow": 0.9999357964456812,
      "tau_exp_sweeps": 973.4351046536839,
      "a2_hot": 3.421544803700912,
      "a2_cold": 2.8265489595801183,
      "a2_grid": {
        "2.4": 2.8265489595801183,
        "2.8": 3.0728032648299783,
        "3.5": 3.256228801762975,
        "5.0": 3.368383518951867,
        "10.0": 3.421544803700912
      },
      "strong_mpemba": false,
      "weak_mpemba_anywhere": false,
      "primary_pair_mpemba": false
    },
    {
      "T_f": 1.3615111885278133,
      "T_f_over_Tc": 0.6,
      "slow_mode_index": 8,
      "lambda_slow": 0.9998686223608435,
      "tau_exp_sweeps": 475.6965855082136,
      "a2_hot": 1.8514304325121456,
      "a2_cold": 1.4678943725645575,
      "a2_grid": {
        "2.4": 1.4678943725645575,
        "2.8": 1.6267673351463863,
        "3.5": 1.7449993837548519,
        "5.0": 1.8172017100252624,
        "10.0": 1.8514304325121456
      },
      "strong_mpemba": false,
      "weak_mpemba_anywhere": false,
      "primary_pair_mpemba": false
    },
    {
      "T_f": 1.7018889856597665,
      "T_f_over_Tc": 0.75,
      "slow_mode_index": 8,
      "lambda_slow": 0.9996571404384991,
      "tau_exp_sweeps": 182.25912893543463,
      "a2_hot": 0.9813543433917465,
      "a2_cold": 0.6583160162757894,
      "a2_grid": {
        "2.4": 0.6583160162757894,
        "2.8": 0.7921710588716708,
        "3.5": 0.8917146130135691,
        "5.0": 0.9524712165844307,
        "10.0": 0.9813543433917465
      },
      "strong_mpemba": false,
      "weak_mpemba_anywhere": false,
      "primary_pair_mpemba": false
    }
  ],
  "gap_validation": {
    "tau_exp_spectral_sweeps": 475.6965854692177,
    "predicted_tau_int": 951.3931709384354,
    "simulated_tau_int_sweeps": 955.0824759351309,
    "ratio_sim_over_pred": 1.0038777921782394
  },
  "verdict": {
    "outcome": "no_spectral_mpemba",
    "consistent_with_coarsening_no_inversion": true,
    "rationale": "a_2(T_i) is monotonically increasing across the T_f scan with no zero crossing and no interval where |a_2| decreases: every hotter preparation has GREATER slow-mode overlap (relaxes slower) than every colder one. No spectral Mpemba (weak or strong); for the primary pair |a_2(hot)|>|a_2(cold)| (anti-Mpemba). This PREDICTS the larger-N no-supported-inversion verdict (m5_verdict_v1)."
  }
}
