{
  "N": 128,
  "T_f": 1.3615111885278133,
  "T_f_over_Tc": 0.6,
  "n_realisations": 16,
  "sweeps": [
    0.0,
    1.0,
    2.0,
    3.0,
    4.0,
    6.0,
    7.0,
    9.0,
    12.0,
    15.0,
    19.0,
    25.0,
    32.0,
    40.0,
    52.0,
    66.0,
    85.0,
    108.0,
    139.0,
    177.0,
    227.0,
    290.0,
    371.0,
    475.0,
    608.0,
    778.0,
    996.0,
    1274.0,
    1631.0,
    2087.0,
    2670.0,
    3417.0,
    4372.0,
    5595.0,
    7159.0,
    9161.0,
    11722.0,
    15000.0
  ],
  "e_inf": -1.9111083984375,
  "e_inf_sd": 0.003962498171363981,
  "budgets": {
    "hot": 250,
    "cold": 2000
  }
}
