{
  "meta": {
    "N": 128,
    "T_f": 1.3615111885278133,
    "T_f_over_Tc": 0.6,
    "n_realisations": 16,
    "sweeps": [
      0.0,
      1.0,
      2.0,
      3.0,
      4.0,
      6.0,
      7.0,
      9.0,
      12.0,
      15.0,
      19.0,
      25.0,
      32.0,
      40.0,
      52.0,
      66.0,
      85.0,
      108.0,
      139.0,
      177.0,
      227.0,
      290.0,
      371.0,
      475.0,
      608.0,
      778.0,
      996.0,
      1274.0,
      1631.0,
      2087.0,
      2670.0,
      3417.0,
      4372.0,
      5595.0,
      7159.0,
      9161.0,
      11722.0,
      15000.0
    ],
    "e_inf": -1.9111083984375,
    "e_inf_sd": 0.003962498171363981,
    "budgets": {
      "hot": 250,
      "cold": 2000
    }
  },
  "window": [
    100,
    15000.0
  ],
  "estimators": {
    "L_C": {
      "R0_hot": 0.6642463746761778,
      "R0_cold": 2.0579606338006506,
      "raw_crossing": false,
      "raw_detail": "significant difference present but no opposite-sign-with-CI crossing",
      "raw_final_sign": -1,
      "oc_any_fdr_significant": true,
      "oc_late_fdr_significant": true,
      "oc_late_sign": -1,
      "oc_final_diff": -0.8363984613670779,
      "oc_final_ci": [
        -1.0301110376075275,
        -0.6392039737858123
      ],
      "oc_times": [
        108.0,
        139.0,
        177.0,
        227.0,
        290.0,
        371.0,
        475.0,
        608.0,
        778.0,
        996.0,
        1274.0,
        1631.0,
        2087.0,
        2670.0,
        3417.0,
        4372.0,
        5595.0,
        7159.0,
        9161.0,
        11722.0,
        15000.0
      ],
      "oc_diff": [
        -0.12168298539138922,
        -0.131963806846507,
        -0.14359880383871437,
        -0.16195499604562813,
        -0.2019170530044645,
        -0.2526514626140155,
        -0.2875133573168611,
        -0.3424746613127414,
        -0.3843511396372967,
        -0.43286586207436506,
        -0.4914238710242933,
        -0.5255202440560496,
        -0.5371600685297155,
        -0.5611464271154689,
        -0.5980090861358345,
        -0.6207062058734838,
        -0.6800795211221589,
        -0.7251711490286494,
        -0.7523608511216064,
        -0.7852419620102493,
        -0.8363984613670779
      ],
      "oc_ci_low": [
        -0.17240872708994107,
        -0.18421888213937515,
        -0.20091870156982075,
        -0.2133389144508718,
        -0.2528912181681928,
        -0.3065125868133953,
        -0.3445219477477439,
        -0.4067521795262903,
        -0.4637817599752351,
        -0.5167460112402978,
        -0.5772331619117553,
        -0.6175404207502218,
        -0.6386334350494378,
        -0.6682354109267175,
        -0.7215819791996024,
        -0.7568505252510052,
        -0.8290289813153002,
        -0.8836325510379793,
        -0.9264301593658225,
        -0.9575850564834082,
        -1.0301110376075275
      ],
      "oc_ci_high": [
        -0.06908744705492478,
        -0.07821322504903573,
        -0.08563002691957573,
        -0.11023176762445563,
        -0.1502836652663771,
        -0.1986442007147257,
        -0.22742496794067246,
        -0.27490869704488435,
        -0.30332082476557015,
        -0.3461891698654461,
        -0.40108810094660663,
        -0.42754816511978433,
        -0.4267986094772393,
        -0.44744252556745007,
        -0.4681106219381127,
        -0.4791078706543196,
        -0.5271883198199264,
        -0.563627553428918,
        -0.5681024187485929,
        -0.5972064532845843,
        -0.6392039737858123
      ],
      "oc_pvalue": [
        0.0002,
        0.0002,
        0.0002,
        0.0002,
        0.0002,
        0.0002,
        0.0002,
        0.0002,
        0.0002,
        0.0002,
        0.0002,
        0.0002,
        0.0002,
        0.0002,
        0.0002,
        0.0002,
        0.0002,
        0.0002,
        0.0002,
        0.0002,
        0.0002
      ],
      "oc_fdr_rejected": [
        true,
        true,
        true,
        true,
        true,
        true,
        true,
        true,
        true,
        true,
        true,
        true,
        true,
        true,
        true,
        true,
        true,
        true,
        true,
        true,
        true
      ]
    },
    "L_S": {
      "R0_hot": 4.704426562483158,
      "R0_cold": 19.04498599781253,
      "raw_crossing": false,
      "raw_detail": "significant difference present but no opposite-sign-with-CI crossing",
      "raw_final_sign": -1,
      "oc_any_fdr_significant": false,
      "oc_late_fdr_significant": false,
      "oc_late_sign": -1,
      "oc_final_diff": -0.46054729519547166,
      "oc_final_ci": [
        -1.0297244849909928,
        0.10986897634391617
      ],
      "oc_times": [
        108.0,
        139.0,
        177.0,
        227.0,
        290.0,
        371.0,
        475.0,
        608.0,
        778.0,
        996.0,
        1274.0,
        1631.0,
        2087.0,
        2670.0,
        3417.0,
        4372.0,
        5595.0,
        7159.0,
        9161.0,
        11722.0,
        15000.0
      ],
      "oc_diff": [
        -0.2319372109515614,
        -0.19940205703154223,
        -0.15539014565905163,
        -0.11346059357747507,
        -0.12459960872123599,
        -0.0985610334959448,
        -0.06965722104296201,
        -0.08823375465690564,
        -0.05411065987305985,
        -0.020967662761379735,
        -0.0191041465030386,
        -0.00961772968744068,
        0.03213170271979582,
        0.06522605490291955,
        -0.0037468350932341465,
        -0.071991914604566,
        -0.1701955266053936,
        -0.22498726371524214,
        -0.2936012723033272,
        -0.348288635416818,
        -0.46054729519547166
      ],
      "oc_ci_low": [
        -0.39158389269005367,
        -0.36087109321744476,
        -0.3241084967359551,
        -0.2556606178241178,
        -0.2705928477585545,
        -0.24056931451954236,
        -0.22989236912498387,
        -0.275089434619035,
        -0.27569898052138264,
        -0.26966655850638804,
        -0.27319542923936646,
        -0.28153938081026086,
        -0.2761740408603531,
        -0.25520709860395424,
        -0.3568027596715771,
        -0.44538906264385375,
        -0.5796599159448063,
        -0.6880602420363183,
        -0.8008155712612341,
        -0.8690350061883036,
        -1.0297244849909928
      ],
      "oc_ci_high": [
        -0.07475550496041629,
        -0.038773206381044194,
        0.014412816525273403,
        0.031045862875632248,
        0.02381510972504011,
        0.0458340983920445,
        0.09384390666293535,
        0.10803797091158934,
        0.18720088122834272,
        0.23678202205615703,
        0.255790378340837,
        0.27590522849665633,
        0.3568091617243815,
        0.40932099574316605,
        0.3818350130680021,
        0.3404447747089389,
        0.25608158523642005,
        0.24698246718930905,
        0.23121827274193335,
        0.2121280110121859,
        0.10986897634391617
      ],
      "oc_pvalue": [
        0.0024,
        0.0128,
        0.0756,
        0.132,
        0.096,
        0.1796,
        0.4104,
        0.3596,
        0.638,
        0.8608,
        0.8648,
        0.9072,
        0.8532,
        0.7132,
        0.9544,
        0.6928,
        0.4136,
        0.3512,
        0.2752,
        0.2184,
        0.1152
      ],
      "oc_fdr_rejected": [
        false,
        false,
        false,
        false,
        false,
        false,
        false,
        false,
        false,
        false,
        false,
        false,
        false,
        false,
        false,
        false,
        false,
        false,
        false,
        false,
        false
      ]
    },
    "L_E": {
      "R0_hot": 0.7207055940899671,
      "R0_cold": 1.3542470071124981,
      "raw_crossing": false,
      "raw_detail": "significant difference present but no opposite-sign-with-CI crossing",
      "raw_final_sign": -1,