{
  "Ns": [
    32,
    64
  ],
  "Tfs": [
    0.5,
    0.6,
    0.75
  ],
  "Tis": [
    2.4,
    2.8,
    3.5,
    5.0,
    10.0
  ],
  "n_realisations": 24,
  "e_inf": {
    "N032_Tf0.50": -1.8233072916666666,
    "N032_Tf0.60": -1.7897135416666667,
    "N032_Tf0.75": -1.6885416666666666,
    "N064_Tf0.50": -1.8828776041666666,
    "N064_Tf0.60": -1.8781901041666667,
    "N064_Tf0.75": -1.7953776041666667
  },
  "schedule": {
    "32": [
      0,
      1,
      2,
      3,
      4,
      5,
      6,
      7,
      10,
      12,
      16,
      20,
      26,
      34,
      43,
      56,
      72,
      92,
      119,
      152,
      196,
      252,
      324,
      417,
      536,
      689,
      885,
      1138,
      1464,
      1882,
      2420,
      3111,
      4000
    ],
    "64": [
      0,
      1,
      2,
      3,
      4,
      5,
      6,
      8,
      10,
      13,
      16,
      20,
      25,
      32,
      40,
      50,
      63,
      80,
      100,
      126,
      159,
      200,
      252,
      318,
      400,
      504,
      634,
      799,
      1005,
      1266,
      1594,
      2007,
      2528,
      3183,
      4007,
      5046,
      6353,
      8000
    ]
  }
}
